SN,mode,embedder,dim_red,clus,n_clusters,n_neighbors,n_components,labels,probs
1,SEP,SBERT,UMAP,HDBSCAN,,15.0,20,"[0, 0, 8, 13, 25, 0, 0, 0, 0, 0, -1, 44, 0, -1, 0, 13, 0, 44, 0, 0, 0, 0, 13, 13, 0, -1, 0, 13, 13, 3, 25, 24, 0, 0, 13, -1, 0, -1, 25, 0, 0, 1, 0, 1, 0, 0, 0, 45, 0, 40, 25, 0, 0, 6, 0, -1, -1, 25, 0, 0, 0, 0, 25, 13, 2, 0, 2, 0, 2, 2, 0, 9, 9, 29, 29, 29, 1, 17, 17, 17, 17, 9, 29, 17, 29, 8, 2, 2, 19, 0, 2, 2, 2, 2, 2, 2, 8, 42, 42, 19, 7, 7, 7, 7, 7, 18, -1, 18, 18, -1, -1, 18, 1, 11, 7, 0, 11, 11, 42, 7, 14, 14, 11, 45, 11, 1, 23, 6, 1, 3, -1, 15, 15, 17, 17, -1, 10, 38, 14, 24, 4, 38, 5, 37, 37, -1, 8, 3, -1, 47, 6, 6, 1, 19, 19, 8, 1, 1, 1, 1, 1, 11, 24, -1, 1, 1, 24, 30, 14, 14, 0, -1, 24, 6, 4, 4, 5, 5, 5, 3, 3, 10, 1, 5, 4, 10, 1, 41, 41, 5, 8, -1, 11, 45, 0, -1, -1, 2, 2, 26, 8, 37, 49, 2, -1, 8, 4, 5, 28, -1, 1, 4, 15, 21, 4, 6, 5, 0, 2, 19, 52, 6, 11, 8, 14, 30, -1, 2, 1, 1, -1, 8, 2, 1, 2, 39, -1, -1, 9, 7, 23, 1, 3, -1, 4, 30, 9, 48, 14, -1, -1, 47, -1, 15, 15, -1, 6, 6, 44, -1, -1, 1, 5, 1, 5, -1, -1, 2, 5, -1, 23, 23, 5, 5, 5, 5, -1, -1, 6, -1, 52, 2, 39, 3, 3, 39, 9, 37, 6, 43, -1, 1, 3, 3, 2, 52, 30, -1, 0, 42, 1, 30, 19, 3, 39, 21, 21, 48, 4, 21, -1, 22, 10, 38, 48, 12, 6, -1, -1, 35, 35, -1, -1, 41, -1, 23, 35, 12, 22, -1, 28, 12, 1, 12, -1, 21, 10, 12, 12, 28, 10, 22, 4, 22, -1, -1, -1, 28, 22, 12, 22, 1, 12, 41, 38, 5, 4, 4, 24, 21, 51, 51, 4, 49, 49, 4, 10, 4, 35, 43, 50, 50, 50, -1, 15, 43, 4, 4, 4, 15, 28, 1, 10, 4, 3, 6, 32, 1, -1, 27, 31, 7, 16, 26, 26, -1, -1, 16, 16, 8, 47, 53, 16, 40, 10, -1, -1, 7, 7, 18, 18, -1, 20, 40, -1, 16, 46, 34, -1, -1, 33, 20, 36, 20, 16, 33, 20, 27, 33, 34, 16, 26, 36, 23, -1, -1, 9, 1, 27, -1, 20, 2, -1, -1, 31, 46, 7, 9, -1, 53, -1, 3, 3, 3, 3, 3, 3, 26, 20, 26, 27, 40, 1, -1, -1, 9, -1, -1, 27, 34, -1, 31, 36, 33, -1, -1, 32, 9, 32, 32, 46, -1, 1, -1, 31, -1, 31, -1, 0, 36, 34, 1, -1, 3, 54, 3, -1, -1, 54, 51, -1, 3, 2]","[1.         1.         0.67979871 0.93764872 0.97481129 1.
 1.         1.         1.         1.         0.         1.
 1.         0.         1.         0.71434927 0.78624514 1.
 1.         1.         1.         1.         1.         0.60657166
 1.         0.         1.         0.69814969 1.         0.41109054
 0.50764843 0.86173486 1.         1.         0.93764872 0.
 0.78624514 0.         0.73344968 1.         1.         1.
 1.         1.         1.         1.         1.         1.
 1.         1.         0.44740427 1.         1.         0.84450105
 1.         0.         0.         1.         1.         1.
 1.         1.         1.         1.         0.96577377 1.
 1.         1.         1.         1.         0.7410893  0.8059283
 0.70799948 0.96979996 1.         1.         1.         1.
 1.         0.71659863 0.38159163 0.75922212 0.88969961 0.42956642
 0.66577684 0.78448074 0.71229501 0.92844343 0.82744882 1.
 0.71229501 0.63890899 0.42266581 1.         0.87777752 1.
 0.65549774 1.         0.60199643 0.909374   0.69122365 0.47068622
 0.49211    1.         0.41797398 0.30216326 0.         0.62551651
 0.30563823 0.         0.         1.         0.81394857 1.
 0.38525574 0.64632309 1.         0.71839269 0.60462613 0.42991703
 0.85670339 1.         1.         1.         1.         1.
 0.53460766 1.         1.         1.         0.         0.58875955
 0.58875955 0.50401975 1.         0.         0.48188866 1.
 0.30634755 0.73023728 0.7722037  1.         0.82122556 1.
 1.         0.         1.         1.         0.         1.
 1.         1.         1.         1.         0.97264846 0.65758112
 1.         1.         1.         1.         0.77679589 0.70088193
 1.         0.         1.         1.         1.         1.
 0.90363335 1.         0.35320565 0.         0.92712588 0.93736307
 1.         0.84991604 1.         0.67030775 0.83728141 0.85618794
 1.         0.45730829 1.         1.         1.         0.62879111
 1.         1.         1.         0.61297195 1.         0.
 0.96846517 1.         0.7269671  0.         0.         1.
 1.         0.83850958 0.80714325 1.         1.         1.
 0.         0.75154312 1.         0.57733587 0.92322671 0.
 1.         1.         0.86259289 0.8999708  1.         0.77855321
 1.         0.91931226 0.51110279 1.         1.         1.
 1.         0.81510877 0.30580873 0.60465129 0.         1.
 1.         1.         0.         0.80714325 1.         0.78190558
 1.         1.         0.         0.         1.         0.34794425
 1.         1.         1.         0.         1.         1.
 0.8059283  1.         0.78940466 0.         0.         1.
 0.         0.64878175 1.         0.         1.         1.
 1.         0.         0.         1.         1.         1.
 1.         0.         0.         0.92844343 1.         0.
 0.53460766 0.52900913 0.99231431 1.         1.         1.
 0.         0.         0.87884781 0.         1.         1.
 1.         0.76877057 1.         0.99110278 0.8534659  0.55050576
 1.         0.82401072 0.         0.73068848 0.51543862 0.69522055
 1.         1.         1.         0.         1.         1.
 1.         0.57256991 1.         0.54152049 0.85632698 1.
 0.85710126 0.81301989 1.         0.68163719 0.         1.
 0.89488527 0.89631035 1.         0.82025325 0.81455533 0.
 0.         1.         1.         0.         0.         1.
 0.         1.         1.         0.93967439 0.60804227 0.
 0.9621714  0.23202503 0.68461718 1.         0.         1.
 0.48686815 0.34227004 0.93754526 1.         0.59845463 1.
 1.         0.74411501 0.         0.         0.         1.
 1.         1.         0.51541282 1.         0.93967439 0.99965208
 0.86320475 0.61878715 1.         1.         0.92712588 1.
 1.         1.         1.         1.         1.         1.
 1.         1.         0.29864602 1.         1.         1.
 1.         0.         0.58541786 1.         1.         1.
 1.         1.         0.99145428 1.         1.         1.
 0.92447979 1.         0.90117578 1.         0.         1.
 0.71110387 0.95693717 1.         0.77451006 1.         0.
 0.         0.84824914 1.         0.70395334 1.         1.
 0.75252639 0.81447686 0.5716353  0.         0.         1.
 0.63722994 1.         1.         0.         0.85012923 1.
 0.         0.72582446 0.98130938 0.9391292  0.         0.
 0.72008137 0.82971697 1.         0.82971697 1.         0.83777272
 1.         1.         1.         0.99891637 0.84824914 1.
 1.         1.         0.         0.         0.93639206 1.
 0.76283621 0.         1.         0.471979   0.         0.
 1.         1.         1.         0.8311934  0.         1.
 0.         1.         0.53386869 1.         1.         1.
 0.57044118 0.71033711 0.85012923 1.         0.78117794 1.
 0.96710528 0.         0.         1.         0.         0.
 0.91227548 1.         0.         0.635543   1.         1.
 0.         0.         1.         1.         1.         0.93163179
 1.         0.         0.89802074 0.         0.5465438  0.
 1.         0.         1.         0.90297616 1.         1.
 0.         1.         1.         1.         0.         0.
 1.         1.         0.         1.         0.471979  ]"
2,SEP,SBERT,UMAP,HDBSCAN,,15.0,60,"[0, 0, 17, 9, 19, 0, 0, 0, 0, 0, 23, 46, 0, 37, 0, 9, 0, 46, 0, 0, 0, 0, 9, 37, 0, 37, 0, 9, 9, -1, 19, -1, 0, 0, 9, 37, 0, -1, 19, 0, 0, 16, 0, 16, 0, 0, 0, 50, 0, 29, 19, 0, 0, 1, 0, -1, 9, 19, 0, 0, 0, 0, 19, 9, 4, 0, 4, 0, 4, 4, 0, 40, 40, 8, 8, 8, 6, 12, 12, 12, 12, 40, 8, 12, 8, 34, 4, 4, -1, 0, 4, 4, -1, 4, 4, 4, -1, 45, 45, 30, 11, 11, 11, 11, 15, 15, -1, 15, 15, -1, -1, 15, -1, 10, -1, 0, 10, 10, -1, -1, 22, 22, 10, 50, 10, 6, 1, 1, 6, 3, -1, 49, 49, 12, 12, -1, 42, 39, 22, 38, 5, 39, 7, 36, 36, 1, 34, 3, 1, 1, 1, 1, 16, 30, 30, 17, 35, 35, 35, 6, -1, 10, 38, -1, 6, 6, 38, 18, 22, 22, 0, -1, -1, 1, 5, 5, 7, 7, 7, 3, 3, 31, 6, 7, 5, 31, 6, -1, -1, 27, 34, -1, 10, -1, 0, 0, -1, 4, 4, 21, 17, 36, 44, 4, -1, 17, 5, 7, 14, 18, 6, 5, 24, -1, 5, 1, 7, 0, 4, 30, -1, 1, 10, 34, -1, 18, 23, 4, 43, 43, -1, 17, 4, 6, 4, 47, -1, -1, 8, -1, 1, 6, 3, 1, 5, 18, 40, 27, 22, 29, -1, 1, 1, 24, 24, 1, 1, 1, 46, -1, -1, 6, 7, 6, 7, -1, -1, 4, 7, -1, 1, 1, 7, 7, 7, 7, 1, -1, 1, 1, -1, 4, 47, 3, 3, -1, 8, 36, 1, -1, 1, -1, 3, 3, 4, 3, 18, 1, 0, 45, 35, 18, 30, 3, -1, 26, 26, 27, 5, 26, -1, 20, 42, 39, 27, 13, 1, -1, -1, 32, 32, -1, 14, -1, -1, 1, 32, 13, 20, 31, -1, 24, 6, 13, -1, 26, 31, 13, 13, 14, 31, 20, 5, 20, -1, 27, -1, 14, 20, 13, 20, 6, 13, -1, 39, 7, 5, 5, 38, 26, 33, 33, 5, 44, 44, 5, 42, 5, 32, 48, 14, 14, 14, -1, -1, 48, 5, 5, 5, 24, -1, 16, -1, 5, 3, 1, -1, 16, 2, 25, 2, 11, 2, 21, 21, 2, -1, 2, 2, 17, 1, 2, 2, 29, -1, -1, 2, 11, 11, 15, 15, -1, 28, 29, 2, 2, 41, 2, 1, 1, 2, -1, 23, -1, 2, 2, 28, 25, 2, 2, 2, 21, 23, 1, -1, -1, 8, 16, 25, -1, 28, -1, 2, 2, 2, 41, 11, -1, -1, 2, 2, 3, 3, 3, 3, 3, 3, 21, 28, 21, 25, 29, 16, -1, 2, 8, 41, 28, 25, 2, -1, 2, 23, 2, 2, -1, 51, 8, 51, -1, 41, -1, 6, -1, 2, -1, 2, 33, 0, 23, 2, 43, -1, 3, 2, 3, 1, -1, 2, 33, -1, 3, -1]","[1.         1.         0.96567397 0.73592366 0.38337834 1.
 1.         1.         1.         1.         0.62354477 1.
 1.         1.         1.         0.63776054 1.         1.
 1.         1.         1.         1.         0.9798381  1.
 1.         1.         0.99155157 0.74163311 1.         0.
 0.44006305 0.         1.         1.         0.73592366 0.80562451
 1.         0.         1.         1.         1.         1.
 1.         1.         1.         0.896884   1.         1.
 1.         1.         0.84584949 1.         1.         1.
 1.         0.         1.         1.         1.         1.
 0.92616311 1.         1.         0.97431001 1.         1.
 1.         1.         1.         1.         0.78368848 1.
 0.85942779 1.         1.         1.         1.         1.
 1.         0.20195409 0.2124384  0.99214283 1.         0.21073574
 0.95732108 0.85417954 1.         1.         0.         1.
 0.73831142 0.86534283 0.         1.         1.         1.
 0.         0.85113988 1.         0.89294534 0.85606076 1.
 1.         1.         0.30231604 0.54087723 0.         1.
 1.         0.         0.         1.         0.         1.
 0.         1.         0.63264736 0.39647838 0.         0.
 0.46900535 1.         0.63264736 1.         1.         1.
 1.         1.         1.         0.85928955 0.         1.
 1.         0.370721   1.         0.         0.93197825 1.
 0.40510695 0.80335258 1.         1.         0.84632785 1.
 1.         1.         1.         1.         0.62015479 1.
 1.         1.         0.75991771 1.         1.         0.92674008
 1.         1.         1.         1.         0.         0.57409528
 1.         0.         1.         1.         1.         0.84618966
 1.         1.         0.41025473 0.         0.         1.
 1.         0.78587423 1.         0.71321715 0.80165523 0.78710598
 1.         1.         1.         1.         1.         1.
 1.         0.         0.         0.84283679 1.         0.
 1.         0.         1.         0.46862255 0.         1.
 0.85023219 0.52726735 1.         1.         1.         1.
 0.         0.98095755 1.         0.62678791 0.9652345  0.71675447
 1.         1.         0.79674087 0.         0.91368467 1.
 1.         0.8484976  0.73556372 0.87368788 0.         1.
 0.70640564 0.75172167 0.         1.         0.60858245 1.
 1.         1.         0.         1.         1.         0.77302536
 0.92594421 1.         0.         0.         1.         0.
 1.         1.         0.74345401 0.68497113 1.         1.
 1.         1.         0.61214782 0.7429504  0.         1.
 1.         1.         1.         1.         1.         1.
 1.         0.         0.         1.         0.91158449 1.
 1.         0.         0.         1.         0.79772672 0.
 1.         1.         1.         0.91507671 1.         1.
 1.         0.         1.         1.         0.         1.
 1.         0.74345401 1.         0.         1.         0.64070938
 1.         0.         1.         0.         0.40013567 0.58064331
 1.         0.33535714 1.         0.91092915 1.         1.
 0.74938821 0.660536   0.87368788 0.40067203 0.         1.
 0.79731768 0.86364319 1.         0.91370777 0.         0.27889307
 1.         0.90609228 1.         1.         1.         0.
 0.         1.         1.         0.         0.92830848 0.
 0.         1.         0.98149993 1.         0.11879358 0.69332495
 0.         0.84520494 1.         1.         0.         1.
 0.71230428 1.         1.         1.         1.         1.
 1.         1.         0.         0.85358837 0.         1.
 1.         1.         0.15894099 1.         1.         0.
 0.97836486 0.58091997 1.         1.         1.         1.
 1.         1.         1.         1.         1.         1.
 1.         1.         0.98149993 1.         1.         1.
 0.9473093  0.         0.         1.         1.         1.
 1.         1.         0.         0.76835951 0.         1.
 0.78710598 1.         0.         0.80463368 1.         0.81577168
 1.         1.         1.         1.         1.         1.
 0.         1.         1.         1.         1.         0.93499417
 1.         0.7429504  0.         0.         1.         1.
 1.         0.59768105 0.46780464 0.         0.88047372 0.63452684
 1.         1.         0.20987604 1.         0.84112901 0.74269956
 1.         0.         1.         0.         1.         1.
 1.         1.         1.         1.         1.         0.39850175
 0.89508435 0.902971   0.         0.         1.         0.77882219
 1.         0.         1.         0.         1.         1.
 1.         1.         1.         0.         0.         1.
 1.         1.         0.45171588 1.         1.         1.
 0.53783564 0.46682596 0.74728668 1.         0.97032818 1.
 0.73079621 0.         1.         0.92377288 1.         1.
 0.84363048 1.         0.         1.         1.         1.
 1.         0.         1.         0.93028596 1.         0.
 1.         0.         1.         0.         1.         0.
 1.         0.70234706 1.         0.80451894 1.         1.
 0.         1.         1.         0.89799413 1.         0.
 0.87647284 1.         0.         0.68461863 0.        ]"
3,WHOLE,SBERT,UMAP,HDBSCAN,,25.0,55,"[0, 0, -1, 1, 1, 0, 0, 0, 0, 0, 0, -1, 0, 1, 0, 1, 0, -1, 0, 0, 0, 0, 1, 1, 0, 6, 0, 1, 1, -1, 1, 48, 0, -1, 1, 1, 6, 48, 1, 0, 0, 28, 0, 28, 0, 0, 0, -1, 0, -1, 1, 0, 0, 3, 0, -1, 1, 1, 0, 0, 0, 0, 1, 1, 2, 2, -1, 2, 2, 22, 0, 34, 34, 34, -1, -1, -1, 11, 11, 11, 11, 11, 34, 11, -1, -1, 2, 12, 35, 0, 2, 53, 2, 22, 2, 2, 2, 21, 21, 35, -1, 53, 38, 38, -1, 52, -1, 26, 26, 7, 38, 26, -1, 35, 35, 38, 49, 28, 21, 7, 24, 24, -1, 2, -1, -1, 17, -1, -1, 30, 1, -1, -1, 41, 11, -1, -1, 13, -1, -1, 13, 13, 4, 5, 5, 41, -1, 39, 3, 20, 20, 20, -1, 7, 7, 9, 44, 44, 44, 13, 13, -1, -1, 7, 13, 13, 28, 7, 24, 24, 24, 7, 28, 3, 5, 5, 4, 4, 4, -1, -1, 5, 37, 4, 5, 5, -1, 5, 5, 5, 9, -1, 7, -1, 49, 49, 7, 22, 2, 12, -1, 5, 14, 2, 9, 11, 5, 4, -1, 9, -1, -1, -1, -1, 5, -1, 4, 0, 12, -1, 36, 17, -1, 9, -1, 9, -1, 22, 6, 6, 5, 43, 22, 37, 22, 37, -1, -1, -1, -1, 36, 37, 42, 3, -1, -1, 3, 5, -1, 13, 23, 20, -1, -1, 50, 3, 3, 3, 39, -1, -1, -1, 4, -1, 4, 1, 2, -1, 4, -1, 17, 17, 4, 4, 4, 4, 3, -1, 20, 17, 36, 2, -1, -1, 6, -1, -1, -1, 3, 3, 41, 39, -1, -1, 2, 6, 9, -1, 43, 21, 9, 7, 7, -1, -1, 30, 30, -1, -1, 10, -1, 23, -1, 8, -1, 10, -1, 3, 14, 18, 18, -1, -1, -1, 1, 17, 18, 10, -1, 14, 15, 3, -1, 10, 8, -1, -1, 10, 10, -1, -1, 23, 15, 23, -1, 39, 15, -1, 23, 10, 50, -1, 10, 36, -1, 4, 8, 8, -1, 30, 18, 18, 8, 14, 14, -1, 14, 8, 8, 8, 29, 29, 29, 29, 8, 8, 29, 15, 15, 18, 15, -1, 14, 15, 6, 3, 16, -1, -1, 33, -1, 52, 45, 12, 12, 51, 47, 27, 45, 43, -1, -1, 27, 19, -1, -1, 51, -1, -1, 26, 26, -1, 19, -1, 27, 27, 33, 45, -1, -1, 47, -1, -1, -1, -1, 32, 19, 31, 47, -1, 27, 12, -1, -1, -1, 6, -1, 48, 12, 40, -1, 2, 25, -1, -1, 33, 6, -1, -1, 25, 25, 6, -1, 6, 6, 6, -1, 21, 19, 21, 33, 19, 19, 31, -1, -1, 31, -1, 12, 16, 40, 16, 46, 32, -1, 54, 46, 32, 46, 32, 31, -1, 20, 16, 25, 3, 25, 1, 16, 16, -1, 6, 40, 42, -1, 42, 3, 16, 54, -1, -1, 1, 2]","[1.         0.94947762 0.         1.         0.77596633 1.
 1.         1.         1.         0.8756085  1.         0.
 1.         0.78466365 1.         1.         0.7983061  0.
 0.99548005 0.76314528 1.         0.43776958 1.         1.
 1.         0.44849148 1.         0.90381144 1.         0.
 1.         1.         1.         0.         1.         1.
 0.71786664 1.         0.7817316  1.         1.         1.
 1.         0.89296775 1.         1.         0.83294305 0.
 1.         0.         1.         1.         1.         1.
 0.86508125 0.         1.         1.         1.         0.66075964
 0.56338582 1.         1.         1.         1.         1.
 0.         0.9086954  1.         1.         1.         0.78464006
 1.         1.         0.         0.         0.         1.
 1.         0.55794935 0.79898627 1.         1.         0.83244008
 0.         0.         0.79913917 0.80947492 1.         1.
 1.         1.         0.49360766 0.62039872 1.         1.
 0.74732542 1.         0.82062871 1.         0.         1.
 1.         1.         0.         1.         0.         1.
 0.77469321 1.         1.         1.         0.         1.
 0.88779473 0.78388956 1.         0.90286658 1.         0.79086099
 0.66500796 1.         0.         0.42487041 0.         0.
 1.         0.         0.         0.92730605 1.         0.
 0.         1.         0.71828974 0.         0.         0.76806163
 0.         0.         1.         0.90097295 1.         1.
 1.         1.         0.         1.         0.83522794 1.
 0.89534055 0.89534055 0.         1.         1.         0.87316536
 1.         1.         1.         0.96343043 0.83145284 0.
 0.         0.91719067 1.         0.99804898 1.         1.
 1.         1.         0.97856512 0.98759181 0.90294311 1.
 1.         1.         1.         1.         1.         0.
 0.         1.         1.         1.         1.         1.
 0.         1.         0.89458693 1.         0.56153435 0.
 0.88408188 0.         1.         1.         0.77444438 0.55014335
 1.         0.82214594 0.         1.         1.         1.
 1.         0.74663521 0.73971973 1.         0.         1.
 0.         0.         0.         0.         1.         0.
 1.         0.78100686 0.79202894 0.         1.         0.68834488
 0.         0.61218384 0.         0.85130137 0.         1.
 0.71786664 0.83867206 0.78274973 1.         1.         0.79281348
 0.53618806 1.         0.         0.         0.         0.
 0.87162274 0.80265255 1.         1.         0.         0.
 1.         0.80986004 0.         0.78803133 0.61377795 1.
 0.         0.         1.         0.94943523 1.         1.
 0.83971774 0.         0.         0.         1.         0.
 1.         1.         0.82588213 0.         1.         0.
 0.80214203 1.         1.         1.         1.         0.9665504
 1.         0.         1.         0.81054059 1.         1.
 0.         0.         0.90419902 0.         0.         0.
 1.         1.         1.         0.8140877  0.         0.
 1.         1.         0.85130137 0.         1.         1.
 0.59195529 1.         1.         0.         0.         1.
 1.         0.         0.         0.27811342 0.         1.
 0.         0.72090642 0.         1.         0.         1.
 0.85773668 0.97804533 1.         0.         0.         0.
 0.89282273 0.91406585 0.82868111 1.         0.         0.84238254
 0.88257217 1.         0.         1.         0.7110102  0.
 0.         0.72581856 0.55940215 0.         0.         1.
 0.87403201 1.         0.         1.         1.         0.
 0.79347013 0.85008022 1.         0.         0.62272595 1.
 0.         1.         0.73635898 1.         0.         1.
 1.         0.83653488 0.77247619 1.         1.         0.
 0.85773668 0.8514521  1.         1.         0.77836917 0.77716842
 1.         1.         0.80948908 0.80948908 0.78459605 1.
 1.         1.         1.         0.         0.93761397 1.
 1.         1.         0.96785135 0.         0.         1.
 0.         1.         1.         0.99673701 1.         1.
 1.         1.         1.         1.         0.         0.
 0.67483123 1.         0.         0.         1.         0.
 0.         0.4671969  0.89050311 0.         0.9271069  0.
 0.98054803 1.         0.81008576 0.74980567 0.         0.
 1.         0.         0.         0.         0.         0.90048339
 0.54164274 0.70132173 1.         0.         1.         1.
 0.         0.         0.         0.48822798 0.         1.
 1.         1.         0.         1.         0.73943116 0.
 0.         1.         1.         0.         0.         0.44740671
 1.         0.78796931 0.         0.85257221 0.97366436 0.85257221
 0.         0.46970113 1.         0.48374279 1.         0.93984836
 0.66815425 1.         0.         0.         1.         0.
 0.80947492 1.         1.         0.87571924 1.         1.
 0.         1.         1.         1.         1.         0.95810114
 1.         0.         0.97918023 1.         1.         1.
 0.66178155 1.         0.99843934 1.         0.         0.83867206
 0.96020598 1.         0.         1.         0.92509134 1.
 1.         0.         0.         1.         1.        ]"
4,WHOLE,SBERT,UMAP,HDBSCAN,,30.0,35,"[0, 0, -1, 50, 50, 0, 0, 0, 0, 0, 0, -1, 0, 1, 0, 50, 0, -1, 0, 0, 0, 0, 1, 1, 0, 2, 0, 1, 1, -1, 1, 3, 0, -1, 1, 1, 2, 3, 1, 0, 0, 3, 0, 3, 0, 0, 0, 3, 0, -1, 1, 0, 0, 20, 0, 3, 1, 1, 0, 0, 0, 0, 1, 1, 6, 6, 7, 6, 6, 7, 0, 9, 9, 9, 9, -1, -1, 21, 21, 9, 21, 21, 9, 21, -1, -1, 32, 7, 14, 0, 32, 7, -1, 7, 6, 6, -1, 27, 27, 14, 23, 11, 14, 14, 25, 22, -1, 22, 22, 30, 14, 22, -1, 14, 14, 55, -1, 3, 27, 30, 15, 15, 14, -1, -1, -1, 40, -1, -1, -1, 1, 23, 23, -1, 21, -1, -1, 8, -1, -1, 8, 8, 4, 12, 12, -1, 5, -1, 20, 39, -1, 39, 49, 30, 37, 5, 42, 42, 42, 8, 8, 3, -1, 30, 8, 8, 3, 37, 15, 15, 15, 30, 3, 20, 48, 48, 4, 4, 4, -1, -1, 12, 53, 4, 48, 12, -1, 12, 12, -1, 5, -1, -1, -1, 55, -1, -1, 7, 6, 11, -1, 12, 47, 6, 5, 21, -1, -1, -1, 5, 8, -1, -1, -1, 12, -1, 4, 0, 7, -1, 31, -1, 3, 5, -1, 5, -1, 7, 2, 2, -1, 46, 7, -1, 7, 53, 25, 9, 9, 11, 31, -1, 45, 36, -1, 5, 33, -1, 15, 8, 26, 39, -1, -1, -1, 20, 36, 36, -1, -1, -1, -1, 4, -1, 4, 1, 32, 11, 4, -1, 40, 40, 4, 4, 4, 4, 20, -1, 39, 40, 31, 6, -1, -1, 2, -1, 9, -1, 20, -1, -1, -1, 49, 49, 6, 2, 5, -1, 46, 27, 5, 37, 37, 2, 15, 44, 44, 51, -1, -1, -1, 26, -1, -1, -1, 17, 31, 33, -1, 19, 19, -1, -1, -1, 1, -1, 19, 17, -1, 43, 13, 20, 23, 17, 16, 23, -1, 17, 17, 13, -1, 26, 13, 26, 23, -1, 13, -1, 26, 17, -1, -1, 17, 31, -1, 4, -1, 16, 19, 44, 19, 19, -1, 47, 47, 43, -1, 16, 16, 16, 34, 34, 34, 34, 16, 16, -1, 13, 13, 19, 13, 3, 43, 13, 2, 33, 18, -1, -1, 10, -1, 25, 24, 11, 11, 24, 52, 29, 24, 46, -1, 52, 29, 28, -1, -1, 24, 25, 25, 22, 22, -1, 28, 10, 29, 29, 10, 24, -1, -1, -1, -1, -1, -1, -1, -1, -1, 10, 54, -1, 29, 11, -1, -1, -1, 2, -1, 3, 11, 38, 38, 32, 35, -1, -1, 10, 2, -1, 38, -1, 35, 2, -1, 2, 2, 2, -1, 27, 28, -1, 10, 28, 28, 10, -1, -1, 10, 51, 11, 18, 38, 18, 41, 54, -1, 56, 41, -1, 41, -1, 10, -1, -1, -1, 35, 33, 35, 1, 18, 18, 18, 2, -1, 45, -1, 45, 36, 18, 56, -1, 3, 1, 32]","[1.         1.         0.         1.         1.         1.
 1.         1.         1.         1.         1.         0.
 1.         0.97041716 1.         1.         0.80050178 0.
 1.         1.         1.         0.51055181 1.         1.
 1.         0.74230566 0.82141867 1.         1.         0.
 1.         1.         1.         0.         0.73397423 0.97041716
 1.         1.         1.         1.         1.         1.
 1.         1.         0.72817355 1.         1.         1.
 1.         0.         1.         1.         1.         0.7012143
 1.         1.         1.         1.         1.         0.83196339
 0.77673138 1.         1.         1.         0.95554838 1.
 0.48291637 0.82728568 0.50708117 0.99121147 1.         0.75694407
 0.94776308 1.         1.         0.         0.         1.
 1.         0.64792433 0.65287337 1.         1.         1.
 0.         0.         0.6774432  1.         0.75325473 1.
 0.83341995 1.         0.         1.         0.36718792 0.81526855
 0.         0.87816755 1.         0.59511925 0.8802621  0.37974088
 1.         1.         1.         0.67332166 0.         1.
 0.77397189 1.         0.56631394 0.63153224 0.         0.54068496
 1.         1.         0.         1.         1.         1.
 0.35990707 0.99390592 0.47262938 0.         0.         0.
 0.86538826 0.         0.         0.         1.         0.92077493
 0.93323126 0.         0.77831812 0.         0.         0.75914183
 0.         0.         0.77254048 0.80311064 0.75935911 1.
 1.         0.         0.62522836 0.         0.9183047  1.
 0.         1.         1.         1.         0.75959606 1.
 1.         1.         1.         1.         0.80865327 0.73921217
 0.         0.99742059 1.         0.85137394 1.         1.
 1.         1.         0.65508021 1.         0.83176373 0.7012143
 1.         1.         1.         1.         0.60292793 0.
 0.         1.         1.         0.76377394 1.         0.96926107
 0.         1.         1.         0.         0.74887498 0.
 0.         0.         1.         0.         0.         1.
 0.71058532 1.         0.         1.         1.         0.75941331
 1.         1.         0.         0.         0.         1.
 0.63918725 0.         0.         0.         1.         0.
 0.95291586 1.         1.         0.         1.         0.
 0.70178433 0.80263251 0.         1.         0.         0.74744444
 1.         1.         0.         1.         1.         0.
 0.52657136 1.         0.91170998 0.77609012 0.94776308 0.36650503
 0.66670819 0.         1.         0.9828036  0.         0.68943455
 1.         0.         0.3507555  0.90047431 0.3332769  0.8820858
 0.         0.         0.         0.81875867 1.         0.85016682
 0.         0.         0.         0.         0.72117135 0.
 1.         1.         1.         0.39335544 0.4190895  0.
 0.91073229 1.         0.94181036 0.52600552 0.95291586 0.77139004
 1.         0.         1.         1.         1.         1.
 0.         0.         0.73973694 0.         0.75694407 0.
 0.85566431 0.         0.         0.         0.9903765  1.
 0.53129005 1.         1.         0.         1.         0.55302208
 1.         1.         1.         0.54279963 0.40915681 1.
 1.         1.         0.         0.         0.         1.
 0.         0.         0.         1.         0.75638365 1.
 0.         1.         1.         0.         0.         0.
 0.76689113 0.         0.73284828 1.         0.         0.97690599
 0.83403102 1.         0.99277032 0.87876366 0.87811905 1.
 0.         0.3709487  0.57240013 0.84255512 0.         1.
 0.98685046 0.49472291 1.         0.         1.         0.
 1.         0.51865508 0.         0.         0.43646345 1.
 0.         0.58291562 0.         1.         0.56529892 1.
 1.         0.70813193 0.         1.         1.         1.
 0.         0.86571444 0.86571444 1.         1.         0.52305049
 1.         1.         0.70857234 0.70857234 0.         0.84255512
 1.         0.56529892 0.91822161 0.74473511 1.         0.62261032
 1.         1.         0.38340644 0.         0.         1.
 0.         1.         0.95292191 0.72514057 1.         1.
 1.         1.         1.         1.         0.         1.
 0.81465962 0.51883203 0.         0.         1.         1.
 0.95904985 1.         0.55129429 0.         1.         0.40928599
 1.         0.64000199 1.         0.95292191 0.         0.
 0.         0.         0.         0.         0.         0.
 0.         0.7770029  1.         0.         1.         0.96742269
 0.         0.         0.         0.5506804  0.         1.
 0.74454225 1.         1.         1.         1.         0.
 0.         1.         1.         0.         0.87371049 0.
 1.         1.         0.         1.         1.         1.
 0.         0.58523483 1.         0.         0.77660201 1.
 0.57602521 0.81130284 0.         0.         1.         1.
 1.         0.48437275 1.         0.71338806 1.         1.
 0.         1.         1.         0.         1.         0.
 1.         0.         0.         0.         1.         0.75837196
 0.45652708 1.         1.         0.51941137 1.         1.
 0.         1.         0.         1.         1.         1.
 1.         0.         0.96708567 1.         1.        ]"
5,WHOLE,SBERT,UMAP,K-MEANS,10.0,25.0,35,"[7, 7, 4, 3, 3, 7, 7, 7, 7, 7, 7, 6, 7, 3, 7, 3, 7, 3, 7, 7, 7, 7, 3, 3, 7, 6, 7, 3, 3, 6, 3, 2, 7, 2, 3, 3, 6, 2, 3, 7, 7, 2, 7, 2, 7, 7, 7, 2, 7, 3, 3, 7, 7, 5, 7, 2, 3, 3, 7, 7, 7, 7, 3, 3, 8, 8, 8, 8, 8, 8, 7, 4, 4, 4, 4, 4, 4, 4, 4, 4, 4, 4, 4, 4, 4, 4, 8, 8, 2, 7, 8, 8, 4, 8, 8, 8, 8, 3, 3, 2, 2, 8, 2, 2, 3, 3, 2, 3, 3, 2, 2, 3, 2, 2, 2, 2, 2, 2, 3, 2, 2, 6, 2, 4, 2, 5, 5, 5, 2, 6, 3, 6, 6, 4, 4, 4, 0, 0, 6, 2, 0, 0, 9, 0, 0, 4, 4, 5, 5, 5, 5, 5, 2, 2, 2, 4, 4, 4, 4, 0, 6, 2, 2, 2, 0, 0, 2, 4, 6, 6, 6, 2, 2, 5, 0, 0, 9, 9, 9, 6, 6, 0, 6, 9, 0, 0, 0, 0, 0, 0, 4, 2, 2, 2, 2, 2, 2, 8, 8, 3, 4, 0, 0, 8, 4, 4, 0, 9, 0, 4, 0, 0, 5, 2, 0, 9, 9, 7, 8, 2, 5, 5, 2, 4, 6, 4, 4, 8, 6, 6, 0, 4, 8, 6, 8, 6, 3, 4, 4, 3, 5, 6, 6, 5, 0, 4, 5, 0, 6, 0, 9, 5, 5, 6, 4, 5, 5, 5, 5, 2, 3, 6, 9, 9, 9, 3, 8, 3, 9, 3, 5, 5, 9, 9, 9, 9, 5, 2, 5, 5, 5, 8, 4, 6, 6, 4, 4, 9, 5, 5, 4, 5, 2, 2, 8, 6, 4, 2, 4, 3, 4, 4, 4, 6, 6, 0, 0, 1, 0, 5, 2, 9, 6, 0, 5, 5, 5, 5, 0, 2, 2, 0, 0, 0, 3, 5, 2, 5, 6, 0, 0, 5, 6, 5, 0, 6, 0, 5, 5, 0, 0, 9, 0, 9, 6, 5, 0, 5, 9, 5, 6, 6, 5, 5, 2, 9, 0, 0, 2, 0, 2, 2, 0, 0, 0, 0, 0, 0, 0, 0, 0, 0, 0, 0, 0, 0, 0, 0, 0, 2, 0, 2, 0, 0, 6, 5, 1, 3, 1, 1, 1, 3, 1, 3, 3, 1, 1, 1, 1, 4, 1, 1, 1, 1, 1, 4, 1, 3, 3, 3, 3, 1, 1, 3, 1, 1, 1, 1, 5, 5, 1, 3, 0, 1, 1, 1, 1, 3, 1, 1, 1, 3, 1, 5, 1, 6, 4, 2, 3, 1, 1, 8, 1, 1, 1, 1, 6, 1, 1, 1, 1, 6, 6, 6, 6, 6, 6, 3, 1, 3, 3, 1, 1, 3, 1, 4, 3, 1, 3, 1, 1, 1, 1, 1, 1, 1, 1, 1, 1, 1, 3, 1, 5, 1, 1, 5, 1, 3, 1, 1, 1, 6, 1, 6, 1, 6, 5, 1, 1, 2, 2, 3, 8]",
6,WHOLE,SBERT,UMAP,K-MEANS,10.0,25.0,55,"[7, 7, 2, 2, 2, 7, 7, 7, 7, 7, 7, 5, 7, 2, 7, 2, 7, 2, 7, 7, 7, 7, 2, 2, 7, 5, 7, 2, 2, 5, 2, 3, 7, 3, 2, 2, 5, 3, 2, 7, 7, 3, 7, 3, 7, 7, 7, 3, 7, 2, 2, 7, 7, 4, 7, 3, 2, 2, 7, 7, 7, 7, 2, 2, 8, 8, 8, 8, 8, 8, 7, 6, 6, 6, 6, 6, 6, 6, 6, 6, 6, 6, 6, 6, 6, 6, 8, 2, 3, 7, 8, 2, 6, 8, 8, 8, 8, 2, 2, 3, 5, 8, 3, 3, 2, 2, 3, 2, 2, 3, 3, 2, 3, 3, 3, 3, 3, 3, 2, 3, 3, 5, 3, 6, 3, 4, 4, 4, 3, 0, 2, 5, 5, 6, 6, 6, 0, 0, 5, 3, 0, 0, 9, 0, 0, 6, 6, 4, 4, 4, 4, 4, 3, 3, 3, 6, 6, 6, 6, 0, 5, 3, 3, 3, 0, 0, 3, 6, 5, 5, 5, 3, 3, 4, 0, 0, 9, 9, 9, 5, 5, 0, 5, 9, 0, 0, 0, 0, 0, 0, 6, 3, 3, 3, 3, 3, 3, 8, 8, 2, 6, 0, 0, 8, 6, 6, 0, 9, 0, 6, 0, 0, 4, 3, 0, 9, 9, 7, 2, 1, 4, 4, 3, 6, 5, 6, 6, 8, 5, 5, 0, 6, 8, 5, 8, 5, 2, 6, 6, 2, 4, 5, 5, 4, 0, 7, 4, 0, 5, 0, 9, 4, 4, 5, 5, 4, 4, 4, 4, 3, 2, 0, 9, 9, 9, 2, 8, 2, 9, 2, 4, 4, 9, 9, 9, 9, 4, 3, 4, 4, 4, 8, 6, 5, 5, 6, 6, 0, 4, 4, 6, 4, 3, 3, 8, 5, 6, 3, 6, 2, 6, 6, 6, 5, 5, 0, 0, 1, 0, 4, 3, 9, 0, 3, 4, 4, 4, 4, 0, 3, 3, 0, 0, 0, 2, 4, 3, 4, 5, 0, 0, 4, 5, 4, 0, 5, 0, 4, 4, 0, 0, 9, 0, 9, 5, 4, 0, 4, 9, 4, 5, 5, 4, 4, 0, 9, 0, 0, 3, 0, 3, 3, 0, 0, 0, 0, 0, 0, 0, 0, 0, 0, 0, 0, 0, 0, 0, 0, 0, 3, 0, 3, 0, 0, 5, 4, 1, 2, 1, 1, 1, 2, 1, 2, 2, 1, 1, 1, 1, 6, 1, 1, 1, 1, 1, 5, 1, 2, 2, 2, 2, 1, 1, 2, 1, 1, 1, 1, 4, 4, 1, 2, 0, 1, 1, 1, 1, 2, 1, 1, 1, 2, 1, 4, 1, 5, 6, 3, 2, 1, 1, 8, 1, 1, 1, 1, 5, 1, 1, 1, 1, 5, 5, 5, 5, 5, 5, 2, 1, 2, 2, 1, 1, 2, 1, 6, 2, 1, 2, 1, 1, 1, 1, 1, 1, 1, 1, 1, 1, 1, 2, 1, 4, 1, 1, 4, 1, 2, 1, 1, 1, 5, 1, 5, 1, 5, 4, 1, 1, 3, 3, 2, 8]",
7,SEP,SBERT,UMAP,K-MEANS,19.0,15.0,30,"[1, 1, 3, 10, 10, 1, 1, 1, 1, 1, 8, 5, 1, 10, 1, 10, 1, 5, 1, 1, 1, 1, 10, 10, 1, 10, 1, 10, 10, 18, 10, 7, 1, 1, 10, 10, 1, 18, 10, 1, 1, 4, 1, 7, 1, 1, 1, 8, 1, 8, 10, 1, 1, 13, 1, 10, 10, 10, 1, 1, 1, 1, 10, 10, 6, 1, 6, 1, 6, 6, 1, 3, 3, 3, 3, 3, 4, 3, 3, 3, 3, 3, 3, 3, 3, 6, 6, 6, 5, 1, 6, 6, 6, 6, 6, 6, 3, 5, 5, 5, 15, 15, 15, 15, 15, 15, 5, 15, 15, 5, 15, 15, 4, 5, 5, 1, 5, 7, 5, 5, 4, 4, 7, 16, 5, 4, 14, 13, 4, 12, 7, 0, 0, 3, 3, 8, 0, 7, 4, 7, 11, 18, 9, 0, 0, 14, 6, 12, 13, 13, 13, 13, 4, 5, 5, 3, 4, 4, 4, 4, 4, 5, 7, 3, 4, 4, 7, 5, 4, 4, 11, 9, 7, 14, 11, 11, 9, 9, 9, 18, 18, 0, 4, 9, 11, 0, 4, 0, 0, 9, 6, 8, 5, 3, 1, 4, 8, 6, 6, 16, 3, 0, 0, 6, 3, 3, 11, 9, 0, 6, 4, 11, 17, 12, 11, 14, 9, 1, 6, 5, 0, 13, 5, 6, 4, 5, 8, 6, 4, 4, 0, 16, 6, 4, 6, 3, 5, 3, 3, 15, 14, 4, 12, 13, 11, 5, 3, 9, 4, 8, 9, 13, 13, 17, 17, 13, 14, 14, 5, 7, 5, 4, 9, 4, 9, 10, 6, 6, 9, 10, 14, 14, 9, 9, 9, 9, 13, 7, 13, 13, 0, 6, 3, 12, 12, 3, 3, 9, 14, 14, 14, 4, 18, 18, 6, 12, 5, 13, 1, 5, 4, 5, 5, 12, 3, 12, 12, 9, 11, 9, 7, 0, 0, 7, 9, 17, 14, 3, 0, 7, 7, 0, 0, 0, 5, 14, 7, 17, 0, 0, 0, 17, 4, 17, 7, 12, 0, 17, 17, 0, 0, 0, 11, 0, 5, 9, 0, 0, 0, 17, 0, 4, 17, 0, 7, 9, 11, 11, 7, 12, 7, 7, 11, 0, 0, 11, 0, 11, 7, 0, 0, 0, 0, 0, 0, 0, 11, 11, 11, 17, 0, 4, 0, 11, 18, 14, 3, 4, 2, 16, 2, 15, 2, 16, 16, 2, 2, 2, 2, 3, 13, 2, 2, 8, 0, 0, 2, 15, 15, 15, 15, 2, 8, 8, 2, 2, 2, 2, 14, 13, 2, 2, 8, 2, 2, 2, 8, 16, 2, 2, 2, 16, 8, 14, 8, 18, 3, 7, 16, 4, 8, 6, 2, 2, 2, 2, 15, 3, 13, 2, 2, 12, 12, 12, 18, 12, 18, 16, 8, 16, 16, 8, 7, 16, 2, 3, 2, 8, 16, 2, 8, 2, 8, 2, 2, 5, 3, 3, 8, 3, 2, 3, 4, 5, 2, 8, 2, 7, 1, 8, 2, 4, 8, 12, 2, 12, 14, 2, 2, 7, 7, 12, 6]",
8,SEP,SBERT,UMAP,K-MEANS,19.0,20.0,45,"[0, 0, 10, 14, 14, 0, 0, 0, 0, 0, 10, 11, 0, 14, 0, 14, 0, 11, 0, 0, 0, 0, 14, 14, 0, 14, 0, 14, 14, 7, 14, 7, 0, 0, 14, 14, 0, 7, 14, 0, 0, 11, 0, 11, 0, 0, 0, 10, 0, 12, 14, 0, 0, 4, 0, 14, 14, 14, 0, 0, 0, 0, 14, 14, 9, 0, 9, 0, 9, 9, 0, 3, 3, 3, 3, 3, 6, 3, 3, 3, 3, 3, 3, 3, 3, 10, 9, 9, 13, 0, 9, 9, 9, 9, 9, 9, 10, 13, 13, 13, 16, 16, 16, 16, 16, 16, 13, 16, 16, 13, 16, 16, 6, 13, 13, 0, 11, 11, 13, 13, 11, 11, 11, 17, 13, 6, 4, 4, 6, 8, 11, 1, 8, 3, 3, 10, 1, 7, 11, 7, 15, 7, 5, 1, 1, 4, 10, 8, 4, 4, 4, 4, 6, 13, 13, 10, 6, 6, 6, 6, 6, 11, 7, 3, 6, 6, 7, 13, 11, 11, 15, 5, 7, 4, 15, 15, 5, 5, 5, 8, 8, 1, 6, 5, 15, 1, 6, 1, 1, 5, 10, 12, 13, 10, 0, 6, 17, 9, 9, 17, 10, 1, 1, 9, 10, 10, 15, 5, 1, 10, 6, 15, 18, 8, 15, 4, 5, 0, 9, 13, 8, 4, 11, 9, 11, 10, 12, 9, 6, 6, 1, 10, 9, 6, 9, 3, 13, 3, 3, 16, 5, 6, 8, 4, 15, 10, 3, 5, 6, 12, 5, 4, 4, 18, 18, 4, 4, 4, 11, 7, 11, 6, 5, 6, 5, 14, 9, 9, 5, 11, 4, 4, 5, 5, 5, 5, 4, 7, 4, 4, 1, 9, 11, 8, 8, 3, 3, 1, 4, 1, 4, 6, 7, 8, 9, 8, 10, 4, 0, 13, 6, 10, 13, 8, 3, 8, 8, 5, 15, 8, 7, 5, 1, 7, 5, 18, 4, 3, 1, 7, 7, 1, 1, 1, 11, 5, 7, 18, 5, 1, 1, 18, 6, 18, 7, 8, 1, 18, 18, 1, 1, 5, 15, 5, 11, 5, 1, 1, 5, 18, 5, 6, 18, 1, 7, 5, 15, 15, 7, 8, 7, 7, 15, 1, 1, 15, 1, 15, 7, 1, 1, 1, 1, 1, 1, 1, 15, 15, 15, 18, 1, 6, 1, 15, 8, 4, 3, 11, 2, 17, 2, 16, 2, 17, 17, 2, 12, 2, 2, 10, 4, 2, 2, 12, 1, 1, 2, 16, 16, 16, 16, 12, 12, 12, 2, 2, 2, 2, 4, 4, 2, 2, 12, 12, 2, 2, 12, 17, 2, 2, 2, 17, 12, 5, 12, 3, 3, 7, 17, 6, 12, 9, 2, 2, 2, 2, 16, 3, 12, 2, 2, 8, 8, 8, 8, 8, 8, 17, 12, 17, 17, 12, 7, 17, 2, 3, 2, 12, 17, 2, 12, 2, 12, 2, 2, 13, 10, 3, 10, 10, 2, 3, 6, 13, 2, 10, 2, 7, 0, 12, 2, 6, 3, 8, 2, 8, 4, 2, 2, 7, 7, 8, 9]",
9,WHOLE,SBERT,PCA,HDBSCAN,,,80,"[-1, -1, -1, -1, -1, -1, 10, 10, -1, 10, -1, -1, -1, -1, 10, -1, -1, -1, 2, 2, 2, -1, -1, -1, -1, -1, 10, 3, 3, -1, 3, 0, 2, -1, 3, -1, 27, -1, -1, 2, -1, 0, 2, 0, 2, -1, 2, -1, -1, -1, 3, -1, -1, -1, 2, -1, 3, 3, 2, -1, -1, 2, -1, 3, 16, 16, -1, -1, -1, -1, -1, 4, 4, 4, -1, -1, 4, -1, -1, 4, -1, -1, 4, -1, -1, -1, 16, 7, -1, -1, 35, 7, 35, 7, -1, 16, -1, 14, 14, -1, -1, -1, -1, -1, -1, -1, -1, 12, 12, -1, -1, 12, -1, 0, 0, 0, 0, 0, -1, -1, -1, 38, 0, -1, -1, 1, 11, -1, -1, -1, 3, -1, -1, -1, -1, -1, -1, 0, 13, 0, -1, 0, -1, 13, 13, -1, -1, -1, -1, 9, 9, 9, 0, -1, 32, -1, 31, 31, 31, 30, -1, -1, 0, -1, 30, 30, -1, -1, 38, -1, -1, -1, -1, -1, -1, -1, 6, -1, -1, -1, -1, -1, -1, -1, -1, 29, -1, -1, 29, -1, -1, -1, -1, -1, -1, -1, -1, -1, -1, -1, -1, 13, 25, -1, -1, -1, -1, -1, -1, -1, -1, -1, -1, -1, -1, -1, -1, -1, 7, -1, -1, 11, -1, -1, -1, -1, -1, 7, 27, 27, 29, -1, 7, -1, -1, -1, -1, 4, 4, 17, -1, -1, -1, -1, -1, 40, -1, -1, -1, -1, -1, 9, 9, -1, -1, -1, 28, 28, -1, -1, -1, -1, 6, -1, -1, -1, -1, -1, -1, -1, 11, 11, 6, 6, 6, 6, 26, -1, 9, -1, -1, -1, -1, -1, -1, -1, -1, -1, 26, -1, -1, -1, -1, -1, -1, -1, 40, -1, -1, 14, -1, 32, 32, -1, -1, -1, 33, 1, -1, 39, -1, 19, -1, -1, 41, 18, -1, -1, -1, 24, 24, -1, -1, -1, -1, 11, 24, 18, 5, 5, 5, -1, -1, -1, -1, 39, -1, -1, 18, -1, -1, 19, 5, -1, -1, 41, -1, -1, 19, 18, -1, -1, -1, -1, -1, 6, -1, -1, -1, 33, -1, 0, -1, 25, 25, -1, 5, 15, 15, 15, 37, -1, -1, 37, -1, 15, -1, -1, 5, -1, 5, -1, 5, -1, 8, 26, 1, -1, -1, 21, -1, 20, -1, 17, 17, -1, -1, -1, 1, -1, -1, -1, -1, 34, -1, -1, -1, 20, 20, 12, 12, -1, -1, -1, -1, -1, -1, -1, -1, -1, 36, -1, -1, -1, 1, -1, -1, 21, 36, -1, -1, -1, -1, -1, -1, -1, 4, 0, 17, -1, -1, 22, -1, 22, -1, -1, -1, -1, 1, -1, -1, 8, 8, 8, 8, 8, -1, 14, -1, -1, 21, 34, -1, -1, 1, -1, -1, -1, -1, 1, -1, -1, 23, -1, 1, -1, 23, -1, 23, -1, -1, -1, -1, -1, 42, -1, 42, -1, -1, 1, 1, -1, -1, -1, -1, -1, 28, 1, -1, -1, -1, -1, 22]","[0.         0.         0.         0.         0.         0.
 1.         1.         0.         0.89608055 0.         0.
 0.         0.         0.90569709 0.         0.         0.
 1.         1.         1.         0.         0.         0.
 0.         0.         1.         0.97521416 1.         0.
 1.         0.9485504  1.         0.         0.98928029 0.
 1.         0.         0.         1.         0.         0.93832474
 1.         0.91199453 0.9515098  0.         0.96893248 0.
 0.         0.         1.         0.         0.         0.
 1.         0.         1.         1.         0.96893358 0.
 0.         0.96481625 0.         1.         1.         1.
 0.         0.         0.         0.         0.         1.
 0.96517636 0.94353056 0.         0.         1.         0.
 0.         0.89821242 0.         0.         1.         0.
 0.         0.         0.96227915 0.89802212 0.         0.
 1.         1.         1.         0.93796428 0.         0.98472668
 0.         1.         1.         0.         0.         0.
 0.         0.         0.         0.         0.         1.
 1.         0.         0.         1.         0.         0.98080658
 0.97031415 0.98332075 0.95809382 0.96704015 0.         0.
 0.         1.         1.         0.         0.         0.99421041
 0.98764571 0.         0.         0.         1.         0.
 0.         0.         0.         0.         0.         0.9075203
 1.         0.99579825 0.         0.99579825 0.         1.
 1.         0.         0.         0.         0.         0.89077881
 0.90663968 0.90560953 0.87979251 0.         1.         0.
 1.         1.         1.         1.         0.         0.
 1.         0.         1.         1.         0.         0.
 1.         0.         0.         0.         0.         0.
 0.         0.         0.73104341 0.         0.         0.
 0.         0.         0.         0.         0.         1.
 0.         0.         1.         0.         0.         0.
 0.         0.         0.         0.         0.         0.
 0.         0.         0.         0.89238187 1.         0.
 0.         0.         0.         0.         0.         0.
 0.         0.         0.         0.         0.         0.
 0.         0.         0.89802212 0.         0.         0.95452199
 0.         0.         0.         0.         0.         1.
 1.         1.         0.99814087 0.         0.90992112 0.
 0.         0.         0.         0.96517636 0.90478438 0.97044171
 0.         0.         0.         0.         0.         1.
 0.         0.         0.         0.         0.         1.
 1.         0.         0.         0.         1.         1.
 0.         0.         0.         0.         0.73531728 0.
 0.         0.         0.         0.         0.         0.
 0.98724626 1.         1.         1.         0.98313023 1.
 1.         0.         1.         0.         0.         0.
 0.         0.         0.         0.         0.         0.
 1.         0.         0.         0.         0.         0.
 0.         0.         1.         0.         0.         1.
 0.         0.97721357 1.         0.         0.         0.
 1.         0.98710131 0.         1.         0.         1.
 0.         0.         1.         0.95414345 0.         0.
 0.         1.         1.         0.         0.         0.
 0.         1.         1.         0.96054692 0.97342781 0.9885199
 1.         0.         0.         0.         0.         1.
 0.         0.         1.         0.         0.         1.
 0.97295903 0.         0.         1.         0.         0.
 1.         1.         0.         0.         0.         0.
 0.         0.75740835 0.         0.         0.         1.
 0.         0.92367997 0.         1.         1.         0.
 1.         1.         0.94856363 1.         1.         0.
 0.         1.         0.         1.         0.         0.
 1.         0.         1.         0.         1.         0.
 0.77333091 0.9844736  0.98664309 0.         0.         1.
 0.         1.         0.         1.         1.         0.
 0.         0.         0.98915416 0.         0.         0.
 0.         1.         0.         0.         0.         1.
 1.         1.         1.         0.         0.         0.
 0.         0.         0.         0.         0.         0.
 1.         0.         0.         0.         1.         0.
 0.         1.         1.         0.         0.         0.
 0.         0.         0.         0.         0.85367914 0.9010687
 1.         0.         0.         1.         0.         1.
 0.         0.         0.         0.         1.         0.
 0.         1.         0.75315394 0.92104717 0.97442667 1.
 0.         0.84220183 0.         0.         1.         1.
 0.         0.         1.         0.         0.         0.
 0.         1.         0.         0.         1.         0.
 1.         0.         1.         0.         1.         0.
 0.         0.         0.         0.         1.         0.
 1.         0.         0.         0.9902502  0.99709694 0.
 0.         0.         0.         0.         1.         1.
 0.         0.         0.         0.         1.        ]"
10,SEP,SBERT,PCA,HDBSCAN,,,50,"[0, 0, -1, 11, 11, 0, 0, 0, 0, 0, -1, -1, 0, -1, 0, -1, 0, -1, 0, 0, 0, 0, 5, -1, 0, -1, 0, 5, 5, -1, 11, 35, 0, 0, 5, -1, -1, -1, -1, 0, 0, -1, 0, -1, 0, 0, 0, -1, 0, -1, -1, 0, 0, -1, 0, -1, 5, 11, 0, 0, 0, 0, 11, 5, -1, -1, -1, 0, 3, -1, 0, 34, 34, 4, 4, 4, 10, -1, -1, -1, -1, -1, 4, -1, -1, -1, -1, -1, -1, -1, -1, -1, -1, 20, -1, 3, 3, 33, 33, -1, -1, -1, -1, -1, -1, 8, -1, 8, 8, -1, -1, 8, 19, 9, 9, -1, 9, 9, -1, -1, -1, 32, 9, -1, -1, -1, 17, -1, -1, -1, 5, -1, -1, -1, 39, -1, 1, -1, 19, -1, -1, -1, -1, 31, 31, 39, 3, -1, -1, -1, 12, 12, 10, 38, 38, -1, -1, 41, 41, -1, -1, -1, 35, -1, -1, -1, -1, -1, 32, 32, -1, -1, 35, 37, -1, -1, -1, -1, -1, -1, -1, -1, -1, -1, -1, 1, -1, -1, 1, -1, -1, -1, -1, 4, -1, -1, -1, 20, -1, -1, 3, 31, -1, 3, -1, -1, 30, 1, -1, -1, 19, 30, -1, -1, 30, -1, -1, -1, -1, -1, -1, -1, -1, -1, -1, -1, -1, 20, -1, -1, -1, -1, 20, -1, -1, -1, -1, 4, -1, -1, 17, -1, -1, -1, -1, -1, 34, -1, -1, -1, -1, 12, 12, -1, -1, -1, -1, -1, -1, -1, -1, -1, 1, -1, -1, -1, -1, -1, -1, -1, 17, -1, -1, -1, -1, -1, -1, -1, 12, -1, -1, -1, -1, -1, 7, -1, -1, -1, 37, -1, -1, -1, -1, -1, 3, -1, -1, -1, -1, 33, -1, 13, -1, -1, -1, -1, -1, 29, 6, -1, -1, 21, -1, -1, -1, -1, -1, -1, 1, 18, 18, -1, -1, 1, 36, -1, 18, 14, -1, -1, -1, -1, -1, 14, -1, -1, -1, -1, 14, -1, 1, 21, 6, 21, -1, -1, 25, -1, 21, 14, -1, -1, -1, -1, -1, -1, -1, -1, -1, -1, 15, 15, 6, -1, -1, -1, 1, -1, 18, -1, 24, 24, 24, 25, -1, 25, 6, 6, 6, -1, -1, 10, 1, 6, -1, -1, 4, 36, -1, 22, -1, -1, 23, 16, 16, -1, 40, -1, -1, -1, -1, 40, 23, -1, -1, -1, 26, 27, 27, 8, 8, -1, -1, -1, -1, -1, -1, -1, -1, -1, -1, -1, -1, -1, -1, -1, 26, 22, 2, -1, 23, 16, 13, 17, -1, -1, 4, 10, -1, 19, 26, 3, 2, -1, -1, 28, 27, -1, -1, 2, 2, 7, 7, 7, 7, 7, -1, 16, -1, -1, 22, -1, 10, -1, -1, -1, 28, -1, -1, 29, -1, 2, -1, 2, 29, -1, -1, -1, 13, -1, 28, -1, -1, -1, 2, 13, 2, 15, -1, -1, -1, -1, -1, 7, -1, -1, -1, -1, -1, 15, -1, -1, -1]","[0.87382379 1.         0.         0.97444401 1.         1.
 1.         1.         1.         1.         0.         0.
 0.84229978 0.         1.         0.         0.8351601  0.
 1.         0.95316686 1.         1.         1.         0.
 0.97630714 0.         1.         0.92175565 1.         0.
 1.         1.         1.         0.80214639 0.92608753 0.
 0.         0.         0.         1.         1.         0.
 1.         0.         0.96271138 1.         1.         0.
 1.         0.         0.         1.         1.         0.
 1.         0.         0.94153358 0.98756186 1.         1.
 0.7649493  1.         0.98756186 0.92020582 0.         0.
 0.         0.77467016 0.95915604 0.         0.79043957 1.
 1.         1.         0.91697168 0.82649922 0.96979846 0.
 0.         0.         0.         0.         1.         0.
 0.         0.         0.         0.         0.         0.
 0.         0.         0.         1.         0.         1.
 0.96363167 1.         0.99512995 0.         0.         0.
 0.         0.         0.         0.68273591 0.         0.70201811
 0.88766706 0.         0.         1.         0.93957727 1.
 0.96517379 0.         0.96517379 1.         0.         0.
 0.         0.9768179  0.96201577 0.         0.         0.
 1.         0.         0.         0.         0.89651982 0.
 0.         0.         1.         0.         0.84121895 0.
 1.         0.         0.         0.         0.         1.
 1.         1.         0.95628856 0.         0.         0.
 1.         0.93651422 1.         1.         1.         0.
 0.         1.         1.         0.         0.         0.
 1.         0.         0.         0.         0.         0.
 1.         1.         0.         0.         1.         1.
 0.         0.         0.         0.         0.         0.
 0.         0.         0.         0.         0.         1.
 0.         0.         0.81362566 0.         0.         0.
 0.         0.8146305  0.         0.         0.         0.91831646
 0.         0.         0.95602992 1.         0.         0.97249568
 0.         0.         1.         0.82493028 0.         0.
 1.         1.         0.         0.         0.98067224 0.
 0.         0.         0.         0.         0.         0.
 0.         0.         0.         0.         0.         0.98664042
 0.         0.         0.         0.         1.         0.
 0.         0.         0.         1.         0.         0.
 0.93694353 0.         0.         0.         0.         0.
 0.98871904 0.         0.         0.         0.         0.98689746
 0.96140846 0.         0.         0.         0.         0.
 0.         0.         0.         0.         0.81227327 0.
 0.         0.         0.         0.         0.         0.
 1.         0.         0.         0.         0.         0.
 0.         0.         1.         0.         0.         0.
 0.         0.         0.96088193 0.         0.         0.
 1.         0.         0.         0.         0.         0.
 1.         0.         0.         0.         0.         1.
 0.         0.97879105 0.         0.         0.         0.
 0.         1.         0.78851975 0.         0.         1.
 0.         0.         0.         0.         0.         0.
 0.82059876 1.         0.98924561 0.         0.         0.8758326
 1.         0.         1.         0.99476542 0.         0.
 0.         0.         0.         0.92004546 0.         0.
 0.         0.         1.         0.         0.97288701 1.
 0.88602928 0.84840649 0.         0.         0.93014531 0.
 1.         1.         0.         0.         0.         0.
 0.         0.         0.         0.         0.         0.
 1.         1.         0.7594398  0.         0.         0.
 1.         0.         0.826073   0.         1.         1.
 1.         1.         0.         1.         1.         1.
 1.         0.         0.         0.94000608 0.90057865 0.6612604
 0.         0.         0.79329066 1.         0.         1.
 0.         0.         1.         1.         1.         0.
 1.         0.         0.         0.         0.         1.
 1.         0.         0.         0.         0.97239326 0.97518811
 1.         0.78607728 1.         0.         0.         0.
 0.         0.         0.         0.         0.         0.
 0.         0.         0.         0.         0.         0.
 1.         1.         1.         0.         1.         1.
 1.         0.9089199  0.         0.         0.88316797 1.
 0.         1.         1.         0.99769919 1.         0.
 0.         1.         1.         0.         0.         1.
 1.         0.92932998 0.89081594 0.9916299  1.         1.
 0.         0.91656257 0.         0.         1.         0.
 1.         0.         0.         0.         1.         0.
 0.         1.         0.         1.         0.         1.
 0.94827438 0.         0.         0.         1.         0.
 1.         0.         0.         0.         1.         0.97879105
 1.         1.         0.         0.         0.         0.
 0.         0.94635131 0.         0.         0.         0.
 0.         0.96481002 0.         0.         0.        ]"
11,WHOLE,SBERT,PCA,K-MEANS,7.0,,70,"[5, 5, 3, 3, 3, 5, 5, 5, 5, 5, 5, 0, 5, 3, 5, 3, 5, 3, 5, 5, 5, 5, 3, 3, 5, 1, 5, 3, 3, 0, 3, 0, 5, 0, 3, 3, 5, 0, 3, 5, 5, 0, 5, 0, 5, 5, 5, 0, 5, 3, 3, 5, 5, 2, 5, 0, 3, 3, 5, 5, 5, 5, 3, 3, 6, 6, 6, 5, 6, 6, 5, 2, 2, 2, 2, 0, 0, 2, 2, 2, 3, 2, 2, 2, 2, 2, 6, 6, 0, 5, 6, 6, 6, 6, 6, 6, 0, 3, 3, 0, 0, 3, 0, 0, 3, 3, 0, 3, 3, 0, 0, 3, 0, 0, 0, 0, 0, 0, 3, 0, 0, 0, 0, 0, 0, 0, 2, 2, 0, 1, 3, 0, 0, 2, 2, 0, 1, 0, 0, 0, 1, 0, 1, 1, 1, 2, 2, 2, 2, 2, 2, 2, 0, 0, 0, 2, 2, 2, 2, 1, 0, 0, 0, 0, 0, 0, 0, 0, 0, 1, 0, 0, 0, 2, 1, 1, 1, 1, 1, 0, 0, 1, 1, 1, 1, 1, 1, 1, 1, 1, 2, 0, 0, 0, 0, 5, 0, 6, 6, 3, 2, 1, 1, 6, 2, 2, 1, 1, 1, 6, 0, 1, 0, 0, 1, 2, 1, 5, 6, 0, 1, 2, 0, 6, 0, 6, 2, 6, 1, 0, 1, 2, 6, 1, 3, 2, 3, 2, 2, 3, 1, 1, 1, 2, 0, 5, 2, 1, 0, 0, 1, 2, 2, 2, 2, 2, 2, 2, 2, 0, 3, 1, 1, 0, 1, 3, 6, 6, 1, 3, 2, 2, 1, 1, 1, 1, 2, 0, 2, 2, 1, 6, 2, 0, 1, 2, 2, 1, 2, 2, 2, 2, 0, 0, 6, 0, 0, 2, 2, 3, 0, 0, 0, 1, 0, 1, 1, 4, 1, 2, 0, 1, 1, 0, 1, 2, 2, 2, 1, 0, 0, 1, 1, 1, 3, 1, 0, 2, 2, 1, 1, 2, 0, 2, 1, 4, 1, 2, 2, 1, 1, 1, 1, 3, 0, 2, 1, 1, 1, 2, 2, 0, 3, 1, 0, 1, 1, 1, 0, 1, 0, 0, 1, 1, 1, 1, 1, 0, 0, 1, 1, 1, 1, 1, 1, 1, 1, 1, 1, 0, 1, 0, 1, 1, 0, 2, 4, 3, 3, 3, 4, 3, 4, 3, 3, 4, 4, 3, 4, 2, 4, 4, 4, 4, 1, 0, 4, 3, 3, 3, 3, 4, 4, 3, 3, 3, 3, 4, 0, 0, 4, 3, 0, 4, 4, 4, 4, 3, 4, 4, 3, 3, 4, 1, 0, 0, 2, 0, 3, 4, 4, 6, 4, 4, 4, 3, 0, 4, 4, 4, 4, 0, 1, 1, 0, 1, 0, 3, 4, 3, 3, 4, 0, 3, 4, 2, 3, 4, 3, 4, 4, 4, 0, 4, 4, 4, 4, 4, 0, 4, 3, 0, 0, 4, 4, 2, 4, 3, 4, 4, 4, 3, 4, 1, 3, 1, 2, 4, 4, 0, 0, 3, 6]",
12,SEP,SBERT,PCA,K-MEANS,28.0,,90,"[0, 0, 15, 14, 24, 0, 0, 0, 0, 0, 14, 14, 0, 14, 0, 14, 0, 14, 0, 0, 0, 0, 14, 14, 0, 1, 0, 14, 14, 2, 24, 2, 0, 0, 14, 14, 21, 2, 24, 0, 0, 2, 0, 2, 0, 0, 0, 13, 0, 14, 24, 0, 0, 5, 0, 2, 14, 24, 0, 0, 21, 0, 24, 24, 6, 0, 6, 0, 6, 6, 0, 4, 4, 4, 4, 4, 3, 15, 15, 15, 15, 4, 4, 15, 4, 4, 6, 13, 13, 0, 6, 6, 4, 6, 6, 6, 4, 13, 13, 13, 9, 22, 9, 9, 22, 22, 22, 22, 22, 23, 22, 22, 3, 13, 9, 9, 9, 2, 13, 9, 11, 11, 2, 13, 11, 3, 5, 5, 2, 1, 2, 1, 9, 15, 15, 23, 1, 16, 3, 2, 21, 16, 8, 8, 8, 15, 4, 10, 5, 23, 5, 5, 2, 13, 13, 4, 3, 3, 3, 3, 3, 2, 2, 11, 3, 3, 2, 9, 11, 11, 21, 1, 2, 5, 21, 21, 10, 10, 10, 3, 1, 8, 3, 8, 21, 1, 3, 8, 8, 8, 4, 11, 15, 4, 19, 9, 23, 6, 6, 17, 15, 8, 26, 6, 17, 15, 21, 10, 26, 11, 3, 21, 15, 9, 21, 5, 3, 0, 17, 13, 1, 5, 9, 6, 3, 11, 12, 6, 3, 3, 1, 4, 6, 3, 6, 4, 13, 4, 4, 13, 8, 3, 1, 5, 21, 1, 4, 10, 3, 11, 10, 5, 5, 15, 15, 5, 5, 5, 14, 2, 24, 3, 10, 3, 10, 14, 2, 6, 10, 14, 5, 5, 10, 10, 10, 10, 5, 16, 5, 23, 8, 6, 11, 9, 1, 11, 4, 8, 5, 16, 3, 3, 2, 2, 6, 1, 4, 11, 15, 13, 3, 13, 13, 8, 11, 1, 1, 10, 19, 10, 11, 27, 1, 16, 10, 20, 5, 3, 1, 16, 16, 8, 8, 1, 20, 8, 16, 20, 27, 1, 1, 20, 3, 20, 16, 9, 8, 20, 20, 8, 1, 27, 19, 27, 20, 10, 16, 16, 27, 20, 27, 3, 20, 1, 2, 10, 19, 19, 16, 10, 2, 2, 19, 26, 26, 19, 1, 19, 16, 16, 26, 26, 26, 16, 1, 16, 19, 19, 19, 2, 8, 2, 1, 19, 1, 4, 18, 18, 7, 18, 18, 22, 7, 17, 17, 7, 7, 18, 7, 4, 7, 7, 7, 12, 8, 1, 12, 9, 9, 22, 22, 18, 12, 17, 23, 25, 25, 12, 9, 9, 7, 23, 11, 25, 7, 7, 12, 18, 7, 12, 7, 17, 11, 8, 13, 4, 4, 2, 17, 3, 12, 6, 7, 12, 2, 25, 9, 18, 7, 7, 7, 1, 1, 1, 1, 1, 2, 17, 12, 17, 17, 12, 2, 18, 12, 18, 25, 12, 17, 12, 11, 7, 9, 7, 12, 18, 17, 18, 4, 7, 25, 23, 3, 18, 12, 4, 12, 2, 0, 7, 12, 20, 23, 1, 25, 1, 5, 23, 25, 11, 2, 2, 6]",
